{"cameraMode":{"drawMode":0,"name":"Shaded","section":"Shading Mode"},"sceneLighting":false,"audioPlay":true,"sceneViewState":{"showFog":true,"showMaterialUpdate":false,"showSkybox":false,"showFlares":true,"showImageEffects":true,"showParticleSystems":true},"in2DMode":false,"pivot":{"x":-14.963155746459961,"y":1.8140172958374024,"z":-28.128828048706056},"rotation":{"x":-0.24365031719207765,"y":-0.29040324687957766,"z":0.07675451040267945,"w":-0.922209620475769},"size":2.5519185066223146,"orthographic":false}